session_id,timestamp,latitude,longitude,accuracy_m,altitude_m,distance_m,service_state,network_type,signal_dbm,signal_level,operator_name,subscription_id
4616a89e-6aa7-461f-abf0-d8186b0aab26,2026-09-12T06:54:10.109016+08:00,10.3466635,123.8073867,9.9,241.41,252.2,IN_SERVICE,LTE,-123,1,SUN,2
4616a89e-6aa7-461f-abf0-d8186b0aab26,2026-09-12T06:59:15.318902+08:00,10.3462231,123.8070123,9.2,273.34,361.1,IN_SERVICE,LTE,-116,2,SUN,2
4616a89e-6aa7-461f-abf0-d8186b0aab26,2026-09-12T07:04:15.761784+08:00,10.3455895,123.8076354,5.0,302.56,564.2,IN_SERVICE,LTE,-126,1,SUN,2
4616a89e-6aa7-461f-abf0-d8186b0aab26,2026-09-12T07:09:20.344701+08:00,10.3448573,123.8066566,8.4,319.82,776.4,IN_SERVICE,LTE,-124,1,SUN,2
4616a89e-6aa7-461f-abf0-d8186b0aab26,2026-09-12T07:14:24.306891+08:00,10.3444854,123.8073691,4.7,339.53,933.0,IN_SERVICE,LTE,-115,2,SUN,2
4616a89e-6aa7-461f-abf0-d8186b0aab26,2026-09-12T07:19:28.312128+08:00,10.3441868,123.8083740,7.3,367.76,1176.5,IN_SERVICE,GSM,-103,2,SUN,2
4616a89e-6aa7-461f-abf0-d8186b0aab26,2026-09-12T07:24:31.282936+08:00,10.3445227,123.8087968,6.8,371.31,1262.4,IN_SERVICE,LTE,-118,2,SUN,2
4616a89e-6aa7-461f-abf0-d8186b0aab26,2026-09-12T07:29:37.313355+08:00,10.3445195,123.8094332,8.5,394.81,1344.8,IN_SERVICE,LTE,-126,1,SUN,2
4616a89e-6aa7-461f-abf0-d8186b0aab26,2026-09-12T07:34:40.315138+08:00,10.3437107,123.8091207,6.1,429.76,1449.1,IN_SERVICE,LTE,-123,1,SUN,2
4616a89e-6aa7-461f-abf0-d8186b0aab26,2026-09-12T07:39:44.308275+08:00,10.3437831,123.8100298,6.4,454.36,1578.3,IN_SERVICE,LTE,-108,3,SUN,2
4616a89e-6aa7-461f-abf0-d8186b0aab26,2026-09-12T07:44:44.404116+08:00,10.3431230,123.8103962,7.3,481.36,1727.8,OUT_OF_SERVICE,NONE,,,,2
4616a89e-6aa7-461f-abf0-d8186b0aab26,2026-09-12T07:49:45.201406+08:00,10.3432592,123.8098323,3.8,494.17,1840.3,IN_SERVICE,LTE,-118,2,SUN,2
4616a89e-6aa7-461f-abf0-d8186b0aab26,2026-09-12T07:54:45.508144+08:00,10.3427642,123.8102674,3.8,511.19,1929.5,IN_SERVICE,LTE,-110,2,SUN,2
4616a89e-6aa7-461f-abf0-d8186b0aab26,2026-09-12T07:59:50.259327+08:00,10.3423050,123.8105155,7.3,521.99,2032.5,IN_SERVICE,LTE,-102,3,SUN,2
4616a89e-6aa7-461f-abf0-d8186b0aab26,2026-09-12T08:04:54.732922+08:00,10.3415300,123.8100180,6.6,555.11,2211.2,IN_SERVICE,LTE,-121,1,SUN,2
4616a89e-6aa7-461f-abf0-d8186b0aab26,2026-09-12T08:10:01.303483+08:00,10.3412599,123.8113691,9.6,584.28,2403.1,IN_SERVICE,LTE,-117,2,SUN,2
4616a89e-6aa7-461f-abf0-d8186b0aab26,2026-09-12T08:15:03.974697+08:00,10.3413587,123.8120998,7.0,619.82,2539.6,IN_SERVICE,LTE,-119,1,SUN,2
4616a89e-6aa7-461f-abf0-d8186b0aab26,2026-09-12T08:20:07.112227+08:00,10.3418377,123.8127318,4.5,643.41,2684.0,IN_SERVICE,LTE,-110,2,SUN,2
4616a89e-6aa7-461f-abf0-d8186b0aab26,2026-09-12T08:25:13.264275+08:00,10.3424040,123.8134388,4.3,659.57,2882.5,IN_SERVICE,LTE,-116,2,SUN,2
4616a89e-6aa7-461f-abf0-d8186b0aab26,2026-09-12T08:30:17.315465+08:00,10.3432787,123.8134728,7.4,639.35,3171.9,IN_SERVICE,NONE,-118,2,SUN,2
4616a89e-6aa7-461f-abf0-d8186b0aab26,2026-09-12T08:35:18.315087+08:00,10.3439016,123.8152560,4.3,632.36,3449.1,IN_SERVICE,NONE,-112,2,SUN,2
4616a89e-6aa7-461f-abf0-d8186b0aab26,2026-09-12T08:40:21.052237+08:00,10.3447580,123.8169331,10.0,624.20,3696.9,IN_SERVICE,NONE,-111,2,SUN,2
4616a89e-6aa7-461f-abf0-d8186b0aab26,2026-09-12T08:45:22.298606+08:00,10.3458103,123.8180340,3.8,617.98,3929.4,IN_SERVICE,LTE,-108,3,SUN,2
4616a89e-6aa7-461f-abf0-d8186b0aab26,2026-09-12T08:55:26.296213+08:00,10.3471361,123.8199599,6.3,616.03,4256.8,IN_SERVICE,LTE,-98,4,SUN,2
4616a89e-6aa7-461f-abf0-d8186b0aab26,2026-09-12T09:00:29.283769+08:00,10.3484436,123.8222997,9.5,600.63,4607.2,IN_SERVICE,LTE,-122,1,SUN,2
4616a89e-6aa7-461f-abf0-d8186b0aab26,2026-09-12T09:05:32.252701+08:00,10.3497383,123.8241434,5.1,592.67,4948.4,IN_SERVICE,LTE,-122,1,SUN,2
4616a89e-6aa7-461f-abf0-d8186b0aab26,2026-09-12T09:10:35.250892+08:00,10.3509283,123.8239166,8.9,547.09,5316.9,IN_SERVICE,LTE,-118,2,SUN,2
4616a89e-6aa7-461f-abf0-d8186b0aab26,2026-09-12T09:20:46.261987+08:00,10.3513571,123.8244604,10.3,501.43,5647.1,IN_SERVICE,LTE,-122,1,SUN,2
4616a89e-6aa7-461f-abf0-d8186b0aab26,2026-09-12T09:25:48.252477+08:00,10.3522848,123.8249400,3.9,492.38,5782.2,IN_SERVICE,LTE,-113,2,SUN,2
4616a89e-6aa7-461f-abf0-d8186b0aab26,2026-09-12T09:30:54.320637+08:00,10.3531670,123.8248212,3.8,463.07,5934.5,IN_SERVICE,LTE,-102,3,SUN,2
4616a89e-6aa7-461f-abf0-d8186b0aab26,2026-09-12T09:41:02.286855+08:00,10.3541405,123.8250713,3.9,439.97,6142.9,IN_SERVICE,LTE,-125,1,SUN,2
4616a89e-6aa7-461f-abf0-d8186b0aab26,2026-09-12T09:46:06.3121+08:00,10.3550841,123.8253134,3.9,407.09,6301.1,IN_SERVICE,LTE,-130,0,SUN,2
4616a89e-6aa7-461f-abf0-d8186b0aab26,2026-09-12T09:51:09.668671+08:00,10.3559615,123.8258733,6.7,391.50,6495.8,IN_SERVICE,LTE,-108,3,SUN,2
4616a89e-6aa7-461f-abf0-d8186b0aab26,2026-09-12T10:01:18.307633+08:00,10.3571491,123.8265693,5.3,339.26,6736.6,IN_SERVICE,LTE,-120,1,SUN,2
4616a89e-6aa7-461f-abf0-d8186b0aab26,2026-09-12T10:06:22.303179+08:00,10.3580781,123.8262846,7.8,320.38,6902.3,OUT_OF_SERVICE,NONE,,,,2
4616a89e-6aa7-461f-abf0-d8186b0aab26,2026-09-12T10:11:24.271527+08:00,10.3592815,123.8261467,6.1,297.96,7119.7,IN_SERVICE,LTE,-120,1,SUN,2
4616a89e-6aa7-461f-abf0-d8186b0aab26,2026-09-12T10:16:27.002343+08:00,10.3598362,123.8259726,5.3,293.72,7295.9,IN_SERVICE,LTE,-113,2,SUN,2
4616a89e-6aa7-461f-abf0-d8186b0aab26,2026-09-12T10:21:32.27844+08:00,10.3615223,123.8251519,8.3,253.12,7581.7,IN_SERVICE,LTE,-119,1,SUN,2
