session_id,timestamp,latitude,longitude,surface,confidence
4616a89e-6aa7-461f-abf0-d8186b0aab26,2026-09-12T06:45:50.528406+08:00,10.3478589,123.8078535,TRAIL,0.50
4616a89e-6aa7-461f-abf0-d8186b0aab26,2026-09-12T06:51:35.324245+08:00,10.3469648,123.8079114,UNPAVED,0.50
4616a89e-6aa7-461f-abf0-d8186b0aab26,2026-09-12T06:51:40.308862+08:00,10.3469363,123.8078872,TRAIL,0.50
4616a89e-6aa7-461f-abf0-d8186b0aab26,2026-09-12T06:55:10.314544+08:00,10.3465856,123.8070534,UNPAVED,0.50
4616a89e-6aa7-461f-abf0-d8186b0aab26,2026-09-12T06:55:15.328643+08:00,10.3465912,123.8070277,TRAIL,0.50
4616a89e-6aa7-461f-abf0-d8186b0aab26,2026-09-12T06:55:25.318086+08:00,10.3466072,123.8069652,UNPAVED,0.50
4616a89e-6aa7-461f-abf0-d8186b0aab26,2026-09-12T06:56:00.343715+08:00,10.3465803,123.8069465,TRAIL,0.50
4616a89e-6aa7-461f-abf0-d8186b0aab26,2026-09-12T06:56:05.326923+08:00,10.3465521,123.8069258,UNPAVED,0.50
4616a89e-6aa7-461f-abf0-d8186b0aab26,2026-09-12T06:59:26.242231+08:00,10.3462220,123.8070205,TRAIL,0.50
4616a89e-6aa7-461f-abf0-d8186b0aab26,2026-09-12T07:06:00.320953+08:00,10.3452085,123.8075416,UNPAVED,0.50
4616a89e-6aa7-461f-abf0-d8186b0aab26,2026-09-12T07:06:08.313531+08:00,10.3451582,123.8075254,TRAIL,0.50
4616a89e-6aa7-461f-abf0-d8186b0aab26,2026-09-12T07:06:32.318597+08:00,10.3450353,123.8073819,UNPAVED,0.50
4616a89e-6aa7-461f-abf0-d8186b0aab26,2026-09-12T07:06:40.344731+08:00,10.3450378,123.8073415,TRAIL,0.50
4616a89e-6aa7-461f-abf0-d8186b0aab26,2026-09-12T07:06:56.3305+08:00,10.3450725,123.8072189,UNPAVED,0.50
4616a89e-6aa7-461f-abf0-d8186b0aab26,2026-09-12T07:07:12.311594+08:00,10.3451568,123.8072130,TRAIL,0.50
4616a89e-6aa7-461f-abf0-d8186b0aab26,2026-09-12T07:08:24.314628+08:00,10.3449251,123.8068777,UNPAVED,0.50
4616a89e-6aa7-461f-abf0-d8186b0aab26,2026-09-12T07:08:40.321237+08:00,10.3449302,123.8067299,TRAIL,0.50
4616a89e-6aa7-461f-abf0-d8186b0aab26,2026-09-12T07:08:48.343792+08:00,10.3449190,123.8067221,UNPAVED,0.50
4616a89e-6aa7-461f-abf0-d8186b0aab26,2026-09-12T07:09:12.321676+08:00,10.3448715,123.8066703,TRAIL,0.50
4616a89e-6aa7-461f-abf0-d8186b0aab26,2026-09-12T07:09:20.341536+08:00,10.3448573,123.8066566,UNPAVED,0.50
4616a89e-6aa7-461f-abf0-d8186b0aab26,2026-09-12T07:10:00.315137+08:00,10.3447408,123.8067869,TRAIL,0.50
4616a89e-6aa7-461f-abf0-d8186b0aab26,2026-09-12T07:10:24.311001+08:00,10.3446506,123.8068286,UNPAVED,0.50
4616a89e-6aa7-461f-abf0-d8186b0aab26,2026-09-12T07:10:40.330718+08:00,10.3447018,123.8069178,TRAIL,0.50
4616a89e-6aa7-461f-abf0-d8186b0aab26,2026-09-12T07:10:56.306643+08:00,10.3446389,123.8069980,UNPAVED,0.50
4616a89e-6aa7-461f-abf0-d8186b0aab26,2026-09-12T07:11:53.271449+08:00,10.3446440,123.8070340,TRAIL,0.50
4616a89e-6aa7-461f-abf0-d8186b0aab26,2026-09-12T07:12:00.309865+08:00,10.3446451,123.8071232,UNPAVED,0.50
4616a89e-6aa7-461f-abf0-d8186b0aab26,2026-09-12T07:13:36.317419+08:00,10.3446530,123.8072644,TRAIL,0.50
4616a89e-6aa7-461f-abf0-d8186b0aab26,2026-09-12T07:13:52.318335+08:00,10.3446376,123.8072702,UNPAVED,0.50
4616a89e-6aa7-461f-abf0-d8186b0aab26,2026-09-12T07:14:08.310651+08:00,10.3445499,123.8072636,TRAIL,0.50
4616a89e-6aa7-461f-abf0-d8186b0aab26,2026-09-12T07:14:16.305552+08:00,10.3445139,123.8072927,UNPAVED,0.50
4616a89e-6aa7-461f-abf0-d8186b0aab26,2026-09-12T07:14:32.307143+08:00,10.3444815,123.8074347,TRAIL,0.50
4616a89e-6aa7-461f-abf0-d8186b0aab26,2026-09-12T07:15:28.337206+08:00,10.3445168,123.8074648,UNPAVED,0.50
4616a89e-6aa7-461f-abf0-d8186b0aab26,2026-09-12T07:15:44.308475+08:00,10.3444409,123.8074861,TRAIL,0.50
4616a89e-6aa7-461f-abf0-d8186b0aab26,2026-09-12T07:16:16.307521+08:00,10.3443277,123.8074136,UNPAVED,0.50
4616a89e-6aa7-461f-abf0-d8186b0aab26,2026-09-12T07:16:24.310544+08:00,10.3444273,123.8074737,TRAIL,0.50
4616a89e-6aa7-461f-abf0-d8186b0aab26,2026-09-12T07:16:48.319251+08:00,10.3443283,123.8075981,CONCRETE,0.50
4616a89e-6aa7-461f-abf0-d8186b0aab26,2026-09-12T07:16:56.338428+08:00,10.3443195,123.8076800,UNPAVED,0.50
4616a89e-6aa7-461f-abf0-d8186b0aab26,2026-09-12T07:17:44.310617+08:00,10.3439701,123.8079547,TRAIL,0.50
4616a89e-6aa7-461f-abf0-d8186b0aab26,2026-09-12T07:17:52.312231+08:00,10.3439169,123.8080221,UNPAVED,0.50
4616a89e-6aa7-461f-abf0-d8186b0aab26,2026-09-12T07:18:01.308071+08:00,10.3439562,123.8080994,TRAIL,0.50
4616a89e-6aa7-461f-abf0-d8186b0aab26,2026-09-12T07:18:16.315284+08:00,10.3439580,123.8081101,CONCRETE,0.50
4616a89e-6aa7-461f-abf0-d8186b0aab26,2026-09-12T07:18:24.308383+08:00,10.3439120,123.8082023,TRAIL,0.50
4616a89e-6aa7-461f-abf0-d8186b0aab26,2026-09-12T07:18:32.360394+08:00,10.3439215,123.8082601,UNPAVED,0.50
4616a89e-6aa7-461f-abf0-d8186b0aab26,2026-09-12T07:18:40.307824+08:00,10.3439580,123.8083021,TRAIL,0.50
4616a89e-6aa7-461f-abf0-d8186b0aab26,2026-09-12T07:38:33.33681+08:00,10.3439593,123.8097080,UNPAVED,0.50
4616a89e-6aa7-461f-abf0-d8186b0aab26,2026-09-12T07:38:40.311195+08:00,10.3439146,123.8098024,TRAIL,0.50
4616a89e-6aa7-461f-abf0-d8186b0aab26,2026-09-12T07:54:39.239757+08:00,10.3428202,123.8102447,UNPAVED,0.50
4616a89e-6aa7-461f-abf0-d8186b0aab26,2026-09-12T07:54:43.30271+08:00,10.3427642,123.8102674,TRAIL,0.50
4616a89e-6aa7-461f-abf0-d8186b0aab26,2026-09-12T07:56:01.331656+08:00,10.3423879,123.8103971,UNPAVED,0.50
4616a89e-6aa7-461f-abf0-d8186b0aab26,2026-09-12T07:56:09.322199+08:00,10.3424023,123.8104481,TRAIL,0.50
4616a89e-6aa7-461f-abf0-d8186b0aab26,2026-09-12T08:06:17.315551+08:00,10.3414499,123.8106168,UNPAVED,0.50
4616a89e-6aa7-461f-abf0-d8186b0aab26,2026-09-12T08:06:25.334179+08:00,10.3414475,123.8107138,CONCRETE,0.50
4616a89e-6aa7-461f-abf0-d8186b0aab26,2026-09-12T08:06:31.330427+08:00,10.3414401,123.8107883,UNPAVED,0.50
4616a89e-6aa7-461f-abf0-d8186b0aab26,2026-09-12T08:07:14.326932+08:00,10.3413842,123.8110066,TRAIL,0.50
4616a89e-6aa7-461f-abf0-d8186b0aab26,2026-09-12T08:07:20.318278+08:00,10.3413690,123.8110195,UNPAVED,0.50
4616a89e-6aa7-461f-abf0-d8186b0aab26,2026-09-12T08:08:58.270222+08:00,10.3413128,123.8111156,CONCRETE,0.50
4616a89e-6aa7-461f-abf0-d8186b0aab26,2026-09-12T08:09:01.680688+08:00,10.3413128,123.8111156,TRAIL,1.00
4616a89e-6aa7-461f-abf0-d8186b0aab26,2026-09-12T08:16:33.300221+08:00,10.3413684,123.8122105,UNPAVED,0.50
4616a89e-6aa7-461f-abf0-d8186b0aab26,2026-09-12T08:16:41.300591+08:00,10.3414189,123.8122270,TRAIL,0.50
4616a89e-6aa7-461f-abf0-d8186b0aab26,2026-09-12T08:18:18.311287+08:00,10.3415966,123.8125728,UNPAVED,0.50
4616a89e-6aa7-461f-abf0-d8186b0aab26,2026-09-12T08:18:33.323139+08:00,10.3416309,123.8126520,TRAIL,0.50
4616a89e-6aa7-461f-abf0-d8186b0aab26,2026-09-12T08:19:29.300926+08:00,10.3418017,123.8127217,UNPAVED,0.50
4616a89e-6aa7-461f-abf0-d8186b0aab26,2026-09-12T08:19:37.300286+08:00,10.3417700,123.8127678,TRAIL,0.50
4616a89e-6aa7-461f-abf0-d8186b0aab26,2026-09-12T08:21:13.300811+08:00,10.3420198,123.8128286,UNPAVED,0.50
4616a89e-6aa7-461f-abf0-d8186b0aab26,2026-09-12T08:21:21.308044+08:00,10.3421786,123.8128128,TRAIL,0.50
4616a89e-6aa7-461f-abf0-d8186b0aab26,2026-09-12T08:21:37.298706+08:00,10.3423183,123.8127497,UNPAVED,0.50
4616a89e-6aa7-461f-abf0-d8186b0aab26,2026-09-12T08:22:01.302981+08:00,10.3425430,123.8128115,TRAIL,0.50
4616a89e-6aa7-461f-abf0-d8186b0aab26,2026-09-12T08:23:05.329486+08:00,10.3424987,123.8129628,CONCRETE,0.50
4616a89e-6aa7-461f-abf0-d8186b0aab26,2026-09-12T08:23:13.328714+08:00,10.3424735,123.8129465,TRAIL,0.50
4616a89e-6aa7-461f-abf0-d8186b0aab26,2026-09-12T08:23:21.327577+08:00,10.3425715,123.8130074,UNPAVED,0.50
4616a89e-6aa7-461f-abf0-d8186b0aab26,2026-09-12T08:23:37.312908+08:00,10.3426356,123.8130579,TRAIL,0.50
4616a89e-6aa7-461f-abf0-d8186b0aab26,2026-09-12T08:24:01.299769+08:00,10.3424814,123.8131648,UNPAVED,0.50
4616a89e-6aa7-461f-abf0-d8186b0aab26,2026-09-12T08:24:09.330154+08:00,10.3424653,123.8132091,TRAIL,0.50
4616a89e-6aa7-461f-abf0-d8186b0aab26,2026-09-12T08:24:17.322447+08:00,10.3424504,123.8132582,UNPAVED,0.50
4616a89e-6aa7-461f-abf0-d8186b0aab26,2026-09-12T08:25:05.301118+08:00,10.3424040,123.8134388,CONCRETE,0.50
4616a89e-6aa7-461f-abf0-d8186b0aab26,2026-09-12T08:25:21.31633+08:00,10.3424705,123.8135765,UNPAVED,0.50
4616a89e-6aa7-461f-abf0-d8186b0aab26,2026-09-12T08:26:00.313959+08:00,10.3423493,123.8134196,CONCRETE,0.50
4616a89e-6aa7-461f-abf0-d8186b0aab26,2026-09-12T08:26:34.299031+08:00,10.3424378,123.8131941,TRAIL,0.50
4616a89e-6aa7-461f-abf0-d8186b0aab26,2026-09-12T08:27:52.289004+08:00,10.3424674,123.8131760,CONCRETE,0.50
4616a89e-6aa7-461f-abf0-d8186b0aab26,2026-09-12T08:28:02.298577+08:00,10.3424814,123.8130730,TRAIL,0.50
4616a89e-6aa7-461f-abf0-d8186b0aab26,2026-09-12T08:28:17.297572+08:00,10.3425770,123.8130667,CONCRETE,0.50
4616a89e-6aa7-461f-abf0-d8186b0aab26,2026-09-12T08:28:41.295768+08:00,10.3427680,123.8129832,UNPAVED,0.50
4616a89e-6aa7-461f-abf0-d8186b0aab26,2026-09-12T08:29:44.319782+08:00,10.3432318,123.8134025,CONCRETE,0.50
4616a89e-6aa7-461f-abf0-d8186b0aab26,2026-09-12T08:30:24.308966+08:00,10.3433426,123.8135502,UNPAVED,0.50
4616a89e-6aa7-461f-abf0-d8186b0aab26,2026-09-12T08:30:48.294226+08:00,10.3433936,123.8137694,CONCRETE,0.50
4616a89e-6aa7-461f-abf0-d8186b0aab26,2026-09-12T08:30:58.303662+08:00,10.3434100,123.8138934,UNPAVED,0.50
4616a89e-6aa7-461f-abf0-d8186b0aab26,2026-09-12T08:31:05.326141+08:00,10.3434269,123.8138607,CONCRETE,0.50
4616a89e-6aa7-461f-abf0-d8186b0aab26,2026-09-12T08:31:53.297887+08:00,10.3435258,123.8140921,TRAIL,0.50
4616a89e-6aa7-461f-abf0-d8186b0aab26,2026-09-12T08:32:01.307966+08:00,10.3435073,123.8141061,UNPAVED,0.50
4616a89e-6aa7-461f-abf0-d8186b0aab26,2026-09-12T08:32:17.318213+08:00,10.3435205,123.8141051,TRAIL,0.50
4616a89e-6aa7-461f-abf0-d8186b0aab26,2026-09-12T08:32:24.311031+08:00,10.3435843,123.8141413,CONCRETE,0.50
4616a89e-6aa7-461f-abf0-d8186b0aab26,2026-09-12T08:32:34.329426+08:00,10.3436404,123.8141694,UNPAVED,0.50
4616a89e-6aa7-461f-abf0-d8186b0aab26,2026-09-12T08:33:13.307774+08:00,10.3438134,123.8143473,CONCRETE,0.50
4616a89e-6aa7-461f-abf0-d8186b0aab26,2026-09-12T08:33:21.332554+08:00,10.3438061,123.8144459,UNPAVED,0.50
4616a89e-6aa7-461f-abf0-d8186b0aab26,2026-09-12T08:33:44.290177+08:00,10.3438809,123.8146353,CONCRETE,0.50
4616a89e-6aa7-461f-abf0-d8186b0aab26,2026-09-12T08:34:01.304332+08:00,10.3439399,123.8147559,UNPAVED,0.50
4616a89e-6aa7-461f-abf0-d8186b0aab26,2026-09-12T08:34:50.310754+08:00,10.3439326,123.8150709,TRAIL,0.50
4616a89e-6aa7-461f-abf0-d8186b0aab26,2026-09-12T08:35:05.314939+08:00,10.3439062,123.8152115,UNPAVED,0.50
4616a89e-6aa7-461f-abf0-d8186b0aab26,2026-09-12T08:35:45.332631+08:00,10.3438561,123.8154946,TRAIL,0.50
4616a89e-6aa7-461f-abf0-d8186b0aab26,2026-09-12T08:36:17.305148+08:00,10.3439890,123.8156852,CONCRETE,0.50
4616a89e-6aa7-461f-abf0-d8186b0aab26,2026-09-12T08:36:25.328611+08:00,10.3440117,123.8157350,UNPAVED,0.50
4616a89e-6aa7-461f-abf0-d8186b0aab26,2026-09-12T08:37:14.306314+08:00,10.3439787,123.8160634,TRAIL,0.50
4616a89e-6aa7-461f-abf0-d8186b0aab26,2026-09-12T08:37:30.323007+08:00,10.3440546,123.8161698,UNPAVED,0.50
4616a89e-6aa7-461f-abf0-d8186b0aab26,2026-09-12T08:38:02.295613+08:00,10.3441140,123.8164379,CONCRETE,0.50
4616a89e-6aa7-461f-abf0-d8186b0aab26,2026-09-12T08:38:11.271972+08:00,10.3441630,123.8164755,UNPAVED,0.50
4616a89e-6aa7-461f-abf0-d8186b0aab26,2026-09-12T08:38:17.296531+08:00,10.3441979,123.8165138,TRAIL,0.50
4616a89e-6aa7-461f-abf0-d8186b0aab26,2026-09-12T08:38:33.304559+08:00,10.3442481,123.8165315,UNPAVED,0.50
4616a89e-6aa7-461f-abf0-d8186b0aab26,2026-09-12T08:38:58.305665+08:00,10.3443457,123.8166319,TRAIL,0.50
4616a89e-6aa7-461f-abf0-d8186b0aab26,2026-09-12T08:39:21.293189+08:00,10.3444325,123.8166985,UNPAVED,0.50
4616a89e-6aa7-461f-abf0-d8186b0aab26,2026-09-12T08:39:29.302325+08:00,10.3444282,123.8167143,CONCRETE,0.50
4616a89e-6aa7-461f-abf0-d8186b0aab26,2026-09-12T08:39:37.329813+08:00,10.3444913,123.8167422,TRAIL,0.50
4616a89e-6aa7-461f-abf0-d8186b0aab26,2026-09-12T08:39:53.297115+08:00,10.3445658,123.8168243,UNPAVED,0.50
4616a89e-6aa7-461f-abf0-d8186b0aab26,2026-09-12T08:40:25.292498+08:00,10.3448280,123.8169678,TRAIL,0.50
4616a89e-6aa7-461f-abf0-d8186b0aab26,2026-09-12T08:40:42.299935+08:00,10.3448198,123.8170381,UNPAVED,0.50
4616a89e-6aa7-461f-abf0-d8186b0aab26,2026-09-12T08:40:49.309876+08:00,10.3447949,123.8170619,TRAIL,0.50
4616a89e-6aa7-461f-abf0-d8186b0aab26,2026-09-12T08:41:21.297207+08:00,10.3449654,123.8170641,UNPAVED,0.50
4616a89e-6aa7-461f-abf0-d8186b0aab26,2026-09-12T08:41:29.296973+08:00,10.3450843,123.8170640,TRAIL,0.50
4616a89e-6aa7-461f-abf0-d8186b0aab26,2026-09-12T08:41:37.292494+08:00,10.3451417,123.8170771,UNPAVED,0.50
4616a89e-6aa7-461f-abf0-d8186b0aab26,2026-09-12T08:42:16.294014+08:00,10.3452754,123.8172678,CONCRETE,0.50
4616a89e-6aa7-461f-abf0-d8186b0aab26,2026-09-12T08:42:33.292332+08:00,10.3453804,123.8173551,UNPAVED,0.50
4616a89e-6aa7-461f-abf0-d8186b0aab26,2026-09-12T08:44:08.315127+08:00,10.3458501,123.8179095,CONCRETE,0.50
4616a89e-6aa7-461f-abf0-d8186b0aab26,2026-09-12T08:44:18.311162+08:00,10.3458661,123.8179558,UNPAVED,0.50
4616a89e-6aa7-461f-abf0-d8186b0aab26,2026-09-12T08:48:11.306009+08:00,10.3457875,123.8180595,TRAIL,0.50
4616a89e-6aa7-461f-abf0-d8186b0aab26,2026-09-12T08:53:26.298338+08:00,10.3465207,123.8194983,UNPAVED,0.50
4616a89e-6aa7-461f-abf0-d8186b0aab26,2026-09-12T08:54:36.292662+08:00,10.3468666,123.8198723,CONCRETE,0.50
4616a89e-6aa7-461f-abf0-d8186b0aab26,2026-09-12T08:54:46.297233+08:00,10.3468895,123.8199766,UNPAVED,0.50
4616a89e-6aa7-461f-abf0-d8186b0aab26,2026-09-12T08:58:45.307748+08:00,10.3481029,123.8216399,CONCRETE,0.50
4616a89e-6aa7-461f-abf0-d8186b0aab26,2026-09-12T08:58:54.291761+08:00,10.3481158,123.8217883,UNPAVED,0.50
4616a89e-6aa7-461f-abf0-d8186b0aab26,2026-09-12T08:59:10.299131+08:00,10.3482770,123.8218256,CONCRETE,0.50
4616a89e-6aa7-461f-abf0-d8186b0aab26,2026-09-12T08:59:18.298801+08:00,10.3482823,123.8218345,UNPAVED,0.50
4616a89e-6aa7-461f-abf0-d8186b0aab26,2026-09-12T08:59:25.311295+08:00,10.3483228,123.8218735,CONCRETE,0.50
4616a89e-6aa7-461f-abf0-d8186b0aab26,2026-09-12T08:59:35.292775+08:00,10.3484007,123.8219259,UNPAVED,0.50
4616a89e-6aa7-461f-abf0-d8186b0aab26,2026-09-12T09:00:14.294807+08:00,10.3484492,123.8221915,CONCRETE,0.50
4616a89e-6aa7-461f-abf0-d8186b0aab26,2026-09-12T09:00:22.290812+08:00,10.3484573,123.8222436,UNPAVED,0.50
4616a89e-6aa7-461f-abf0-d8186b0aab26,2026-09-12T09:02:47.288236+08:00,10.3492622,123.8232050,TRAIL,0.50
4616a89e-6aa7-461f-abf0-d8186b0aab26,2026-09-12T09:02:53.288405+08:00,10.3492568,123.8232007,UNPAVED,0.50
4616a89e-6aa7-461f-abf0-d8186b0aab26,2026-09-12T09:03:34.301586+08:00,10.3494739,123.8235764,CONCRETE,0.50
4616a89e-6aa7-461f-abf0-d8186b0aab26,2026-09-12T09:03:41.298962+08:00,10.3494312,123.8236290,UNPAVED,0.50
4616a89e-6aa7-461f-abf0-d8186b0aab26,2026-09-12T09:03:58.298061+08:00,10.3493927,123.8237605,TRAIL,0.50
4616a89e-6aa7-461f-abf0-d8186b0aab26,2026-09-12T09:04:23.286741+08:00,10.3493668,123.8240332,CONCRETE,0.50
4616a89e-6aa7-461f-abf0-d8186b0aab26,2026-09-12T09:04:29.287769+08:00,10.3493439,123.8240854,UNPAVED,0.50
4616a89e-6aa7-461f-abf0-d8186b0aab26,2026-09-12T09:05:41.284975+08:00,10.3498252,123.8242397,CONCRETE,0.50
4616a89e-6aa7-461f-abf0-d8186b0aab26,2026-09-12T09:05:58.299176+08:00,10.3499873,123.8240948,UNPAVED,0.50
4616a89e-6aa7-461f-abf0-d8186b0aab26,2026-09-12T09:06:14.292499+08:00,10.3499759,123.8242019,CONCRETE,0.50
4616a89e-6aa7-461f-abf0-d8186b0aab26,2026-09-12T09:06:22.285018+08:00,10.3500169,123.8241076,TRAIL,0.50
4616a89e-6aa7-461f-abf0-d8186b0aab26,2026-09-12T09:06:28.284285+08:00,10.3500935,123.8241702,CONCRETE,0.50
4616a89e-6aa7-461f-abf0-d8186b0aab26,2026-09-12T09:06:39.295666+08:00,10.3501375,123.8240664,TRAIL,0.50
4616a89e-6aa7-461f-abf0-d8186b0aab26,2026-09-12T09:06:44.288963+08:00,10.3501858,123.8240923,CONCRETE,0.50
4616a89e-6aa7-461f-abf0-d8186b0aab26,2026-09-12T09:07:18.290634+08:00,10.3503833,123.8240892,TRAIL,0.50
4616a89e-6aa7-461f-abf0-d8186b0aab26,2026-09-12T09:07:25.279397+08:00,10.3504402,123.8241219,CONCRETE,0.50
4616a89e-6aa7-461f-abf0-d8186b0aab26,2026-09-12T09:08:06.29155+08:00,10.3505052,123.8240775,UNPAVED,0.50
4616a89e-6aa7-461f-abf0-d8186b0aab26,2026-09-12T09:08:30.295307+08:00,10.3507555,123.8239620,CONCRETE,0.50
4616a89e-6aa7-461f-abf0-d8186b0aab26,2026-09-12T09:09:34.310458+08:00,10.3509547,123.8239636,UNPAVED,0.50
4616a89e-6aa7-461f-abf0-d8186b0aab26,2026-09-12T09:09:59.296419+08:00,10.3508985,123.8238614,TRAIL,0.50
4616a89e-6aa7-461f-abf0-d8186b0aab26,2026-09-12T09:16:32.288252+08:00,10.3513490,123.8238819,UNPAVED,0.92
4616a89e-6aa7-461f-abf0-d8186b0aab26,2026-09-12T09:16:33.071142+08:00,10.3513490,123.8238819,TRAIL,0.79
4616a89e-6aa7-461f-abf0-d8186b0aab26,2026-09-12T09:17:59.30511+08:00,10.3513478,123.8239649,UNPAVED,0.50
4616a89e-6aa7-461f-abf0-d8186b0aab26,2026-09-12T09:18:30.288989+08:00,10.3513720,123.8240915,TRAIL,0.50
4616a89e-6aa7-461f-abf0-d8186b0aab26,2026-09-12T09:24:38.294737+08:00,10.3519215,123.8246946,UNPAVED,0.50
4616a89e-6aa7-461f-abf0-d8186b0aab26,2026-09-12T09:24:41.252969+08:00,10.3519215,123.8246946,TRAIL,1.00
4616a89e-6aa7-461f-abf0-d8186b0aab26,2026-09-12T09:39:18.288583+08:00,10.3536832,123.8248764,UNPAVED,0.50
4616a89e-6aa7-461f-abf0-d8186b0aab26,2026-09-12T09:39:42.28934+08:00,10.3537323,123.8250171,TRAIL,0.50
4616a89e-6aa7-461f-abf0-d8186b0aab26,2026-09-12T09:41:58.284853+08:00,10.3543361,123.8250630,UNPAVED,0.50
4616a89e-6aa7-461f-abf0-d8186b0aab26,2026-09-12T09:42:14.294291+08:00,10.3543430,123.8250310,TRAIL,0.50
4616a89e-6aa7-461f-abf0-d8186b0aab26,2026-09-12T09:43:18.29014+08:00,10.3548347,123.8251368,UNPAVED,0.50
4616a89e-6aa7-461f-abf0-d8186b0aab26,2026-09-12T09:44:15.251659+08:00,10.3549777,123.8252321,TRAIL,0.50
4616a89e-6aa7-461f-abf0-d8186b0aab26,2026-09-12T09:46:46.311035+08:00,10.3551246,123.8253011,CONCRETE,0.50
4616a89e-6aa7-461f-abf0-d8186b0aab26,2026-09-12T09:47:02.285659+08:00,10.3552118,123.8251869,TRAIL,0.50
4616a89e-6aa7-461f-abf0-d8186b0aab26,2026-09-12T09:47:10.287329+08:00,10.3552238,123.8251520,UNPAVED,0.50
4616a89e-6aa7-461f-abf0-d8186b0aab26,2026-09-12T09:47:26.287051+08:00,10.3553380,123.8251860,TRAIL,0.50
4616a89e-6aa7-461f-abf0-d8186b0aab26,2026-09-12T09:47:42.283639+08:00,10.3554567,123.8251467,UNPAVED,0.50
4616a89e-6aa7-461f-abf0-d8186b0aab26,2026-09-12T09:47:58.288655+08:00,10.3555243,123.8251531,TRAIL,0.50
4616a89e-6aa7-461f-abf0-d8186b0aab26,2026-09-12T09:48:54.309563+08:00,10.3556577,123.8252232,UNPAVED,0.50
4616a89e-6aa7-461f-abf0-d8186b0aab26,2026-09-12T09:49:10.286772+08:00,10.3557050,123.8254145,TRAIL,0.50
4616a89e-6aa7-461f-abf0-d8186b0aab26,2026-09-12T09:49:34.279919+08:00,10.3557654,123.8255305,CONCRETE,0.50
4616a89e-6aa7-461f-abf0-d8186b0aab26,2026-09-12T09:49:42.280296+08:00,10.3558040,123.8256300,TRAIL,0.50
4616a89e-6aa7-461f-abf0-d8186b0aab26,2026-09-12T09:49:58.286072+08:00,10.3557384,123.8256348,UNPAVED,0.50
4616a89e-6aa7-461f-abf0-d8186b0aab26,2026-09-12T09:50:06.300826+08:00,10.3556906,123.8257055,TRAIL,0.50
4616a89e-6aa7-461f-abf0-d8186b0aab26,2026-09-12T09:50:22.311227+08:00,10.3557419,123.8257588,UNPAVED,0.50
4616a89e-6aa7-461f-abf0-d8186b0aab26,2026-09-12T09:50:35.29195+08:00,10.3558205,123.8258245,CONCRETE,0.50
4616a89e-6aa7-461f-abf0-d8186b0aab26,2026-09-12T09:51:18.315673+08:00,10.3560037,123.8258914,UNPAVED,0.50
4616a89e-6aa7-461f-abf0-d8186b0aab26,2026-09-12T09:51:26.281126+08:00,10.3561284,123.8259606,TRAIL,0.50
4616a89e-6aa7-461f-abf0-d8186b0aab26,2026-09-12T09:57:58.314658+08:00,10.3564829,123.8262564,CONCRETE,0.50
4616a89e-6aa7-461f-abf0-d8186b0aab26,2026-09-12T09:58:06.284411+08:00,10.3565927,123.8262346,UNPAVED,0.50
4616a89e-6aa7-461f-abf0-d8186b0aab26,2026-09-12T09:58:14.285439+08:00,10.3566694,123.8262541,TRAIL,0.50
4616a89e-6aa7-461f-abf0-d8186b0aab26,2026-09-12T09:59:02.287445+08:00,10.3567555,123.8264107,UNPAVED,0.50
4616a89e-6aa7-461f-abf0-d8186b0aab26,2026-09-12T09:59:18.282491+08:00,10.3567734,123.8264591,TRAIL,0.50
4616a89e-6aa7-461f-abf0-d8186b0aab26,2026-09-12T10:00:22.287895+08:00,10.3570215,123.8265543,UNPAVED,0.50
4616a89e-6aa7-461f-abf0-d8186b0aab26,2026-09-12T10:01:02.290523+08:00,10.3571692,123.8265058,TRAIL,0.50
4616a89e-6aa7-461f-abf0-d8186b0aab26,2026-09-12T10:01:50.297362+08:00,10.3572400,123.8265747,UNPAVED,0.50
4616a89e-6aa7-461f-abf0-d8186b0aab26,2026-09-12T10:02:06.304813+08:00,10.3573369,123.8265185,TRAIL,0.50
4616a89e-6aa7-461f-abf0-d8186b0aab26,2026-09-12T10:02:46.309134+08:00,10.3574499,123.8264755,UNPAVED,0.50
4616a89e-6aa7-461f-abf0-d8186b0aab26,2026-09-12T10:03:10.293038+08:00,10.3574330,123.8263909,TRAIL,0.50
4616a89e-6aa7-461f-abf0-d8186b0aab26,2026-09-12T10:03:26.317859+08:00,10.3575015,123.8262920,UNPAVED,0.50
4616a89e-6aa7-461f-abf0-d8186b0aab26,2026-09-12T10:03:50.295484+08:00,10.3575746,123.8263407,TRAIL,0.50
4616a89e-6aa7-461f-abf0-d8186b0aab26,2026-09-12T10:04:54.279291+08:00,10.3579882,123.8263280,CONCRETE,0.50
4616a89e-6aa7-461f-abf0-d8186b0aab26,2026-09-12T10:05:02.281841+08:00,10.3579749,123.8262913,TRAIL,0.50
4616a89e-6aa7-461f-abf0-d8186b0aab26,2026-09-12T10:06:38.29647+08:00,10.3580640,123.8262769,CONCRETE,0.50
4616a89e-6aa7-461f-abf0-d8186b0aab26,2026-09-12T10:06:46.281898+08:00,10.3580090,123.8263512,TRAIL,0.50
4616a89e-6aa7-461f-abf0-d8186b0aab26,2026-09-12T10:07:58.309953+08:00,10.3580376,123.8263303,CONCRETE,0.50
4616a89e-6aa7-461f-abf0-d8186b0aab26,2026-09-12T10:08:06.294686+08:00,10.3580219,123.8263243,TRAIL,0.50
4616a89e-6aa7-461f-abf0-d8186b0aab26,2026-09-12T10:09:18.315629+08:00,10.3583432,123.8259894,UNPAVED,0.50
4616a89e-6aa7-461f-abf0-d8186b0aab26,2026-09-12T10:09:26.304759+08:00,10.3583919,123.8259575,TRAIL,0.50
4616a89e-6aa7-461f-abf0-d8186b0aab26,2026-09-12T10:09:34.311555+08:00,10.3584438,123.8259688,UNPAVED,0.50
4616a89e-6aa7-461f-abf0-d8186b0aab26,2026-09-12T10:09:50.284918+08:00,10.3585589,123.8259850,TRAIL,0.50
4616a89e-6aa7-461f-abf0-d8186b0aab26,2026-09-12T10:09:58.320186+08:00,10.3586312,123.8260214,UNPAVED,0.50
4616a89e-6aa7-461f-abf0-d8186b0aab26,2026-09-12T10:10:29.304088+08:00,10.3589080,123.8260472,CONCRETE,0.50
4616a89e-6aa7-461f-abf0-d8186b0aab26,2026-09-12T10:10:39.288533+08:00,10.3589683,123.8260325,UNPAVED,0.50
4616a89e-6aa7-461f-abf0-d8186b0aab26,2026-09-12T10:10:46.283425+08:00,10.3590006,123.8260378,TRAIL,0.50
4616a89e-6aa7-461f-abf0-d8186b0aab26,2026-09-12T10:10:52.275088+08:00,10.3590521,123.8260477,UNPAVED,0.50
4616a89e-6aa7-461f-abf0-d8186b0aab26,2026-09-12T10:11:09.272892+08:00,10.3591564,123.8261064,CONCRETE,0.50
4616a89e-6aa7-461f-abf0-d8186b0aab26,2026-09-12T10:11:19.305709+08:00,10.3592458,123.8261691,UNPAVED,0.50
4616a89e-6aa7-461f-abf0-d8186b0aab26,2026-09-12T10:11:42.279144+08:00,10.3594574,123.8260858,CONCRETE,0.50
4616a89e-6aa7-461f-abf0-d8186b0aab26,2026-09-12T10:11:49.299605+08:00,10.3595220,123.8260855,UNPAVED,0.50
4616a89e-6aa7-461f-abf0-d8186b0aab26,2026-09-12T10:14:07.282535+08:00,10.3594779,123.8259785,TRAIL,0.50
4616a89e-6aa7-461f-abf0-d8186b0aab26,2026-09-12T10:14:14.275602+08:00,10.3594521,123.8259427,UNPAVED,0.50
4616a89e-6aa7-461f-abf0-d8186b0aab26,2026-09-12T10:14:46.279175+08:00,10.3594768,123.8260093,TRAIL,0.50
4616a89e-6aa7-461f-abf0-d8186b0aab26,2026-09-12T10:15:49.271139+08:00,10.3595055,123.8260245,UNPAVED,0.50
4616a89e-6aa7-461f-abf0-d8186b0aab26,2026-09-12T10:18:35.375279+08:00,10.3609087,123.8259431,TRAIL,1.00
